/*
 Navicat Premium Data Transfer

 Source Server         : 120.77.220.11
 Source Server Type    : MySQL
 Source Server Version : 50612
 Source Host           : 120.77.220.11
 Source Database       : quanjing

 Target Server Type    : MySQL
 Target Server Version : 50612
 File Encoding         : utf-8

 Date: 04/13/2017 18:23:00 PM
*/

SET NAMES utf8;
SET FOREIGN_KEY_CHECKS = 0;
-- ----------------------------
--  Records of `permission`
-- ----------------------------
BEGIN;
INSERT INTO `permission` VALUES ('10000', '2017-01-11 11:04:15', '2017-02-09 17:33:01', '1', '14840345528522311094', '用户管理系统', '用户管理系统', '1', 'user', '1', null, '1', 'user:*', '1', null), ('10001', '2017-01-11 11:04:16', '2017-02-09 17:33:01', '1', '14840345528522311094', '部门分类管理', '部门分类管理', '1', 'category', '2', null, '1', 'category:*', '1', null), ('10002', '2017-01-11 11:04:16', '2017-02-09 17:33:01', '1', '', '频道管理', '频道管理', '1', 'channel', '3', null, '1', 'channel:*', '1', null), ('10003', '2017-01-11 11:04:16', '2017-02-09 17:33:01', '1', '', '碎片管理', '碎片管理', '1', 'fragment', '4', null, '1', 'fragment:*', '1', null), ('10004', '2017-01-11 11:04:17', '2017-02-09 17:33:01', '1', '', '图片管理', '图片管理', '1', 'image', '5', null, '1', 'images:*', '1', null), ('10005', '2017-01-11 11:04:18', '2017-02-09 17:33:01', '1', '', '视频管理', '视频管理', '1', 'video', '6', null, '1', 'video:*', '1', null), ('10006', '2017-01-11 11:04:19', '2017-02-09 17:33:01', '1', '', '新闻栏目管理', '新闻栏目管理', '1', 'newscolumn', '7', null, '1', 'newscolumn:*', '1', null), ('10007', '2017-01-11 11:04:19', '2017-02-09 17:33:01', '1', '', '新闻管理', '新闻管理', '1', 'news', '8', null, '1', 'news:*', '1', null), ('10008', '2017-01-11 11:04:20', '2017-02-09 17:33:01', '1', '', '权限管理', '权限管理', '1', 'permission', '9', null, '1', 'permission:*', '1', null), ('10009', '2017-01-11 11:04:20', '2017-02-09 17:33:01', '1', '14840345528522311094', '用户组管理', '用户组管理', '1', 'userposition', '10', null, '1', 'position:*', '1', null), ('10010', '2017-01-11 11:04:21', '2017-02-09 17:33:01', '1', '', '模版管理', '模版管理', '1', 'template', '11', null, '1', 'template:*', '1', null), ('10011', '2017-01-11 11:04:23', '2017-02-09 17:33:01', '1', '', '专题管理', '专题管理', '1', 'topic', '12', null, '1', 'topic:*', '1', null), ('10012', '2017-01-11 11:04:15', '2017-02-10 14:39:43', '1', '14864364984326540499', '用户列表', '用户列表', '2', 'user.list', '101', '10000', '1', 'user:read', '1', null), ('10013', '2017-01-11 11:04:15', '2017-02-09 17:33:01', '1', '', '新增用户', '新增用户', '2', 'user.add', '100', '10000', '1', 'user:write', '1', null), ('10014', '2017-01-11 11:04:15', '2017-02-09 17:33:01', '1', '14840345528522311094', '删除用户', '删除用户', '2', '/webapi/user/delUser', '150', '10000', '0', 'user:delete', '1', null), ('10015', '2017-01-11 11:04:16', '2017-02-09 17:33:01', '1', '', '部门分类列表', '部门分类列表', '2', 'category.list', '201', '10001', '1', 'category:read', '1', null), ('10016', '2017-01-11 11:04:16', '2017-02-09 17:33:01', '1', '', '新增部门分类', '新增部门分类', '2', 'category.add', '200', '10001', '1', 'category:write', '1', null), ('10017', '2017-01-11 11:04:16', '2017-02-09 17:33:01', '1', '', '修改部门分类', '修改部门分类', '2', '/webapi/category/updateCategory', '251', '10001', '0', 'category:update', '1', null), ('10018', '2017-01-11 11:04:16', '2017-02-09 17:33:01', '1', '', '删除部门分类', '删除部门分类', '2', '/webapi/category/delCategory', '252', '10001', '0', 'category:delete', '1', null), ('10019', '2017-01-11 11:04:16', '2017-02-09 17:33:01', '1', '', '频道列表', '频道列表', '2', 'channel.list', '301', '10002', '1', 'channel:read', '1', null), ('10020', '2017-01-11 11:04:16', '2017-02-09 17:33:01', '1', '', '新增频道', '新增频道', '2', 'channel.add', '300', '10002', '1', 'channel:write', '1', null), ('10021', '2017-01-11 11:04:16', '2017-02-09 17:33:01', '1', '', '修改频道', '修改频道', '2', '/webapi/channel/updateChannel', '350', '10002', '0', 'channel:update', '1', null), ('10022', '2017-01-11 11:04:16', '2017-02-09 17:33:01', '1', '', '删除频道', '删除频道', '2', '/webapi/channel/delChannel', '351', '10002', '0', 'channel:delete', '1', null), ('10034', '2017-01-11 11:04:17', '2017-02-09 17:33:01', '1', '14840345528522311094', '图片基础信息', '图片基础信息', '2', 'image.imageBase', '500', '10004', '1', 'imagesbase:read', '1', null), ('10035', '2017-01-11 11:04:17', '2017-02-09 17:33:01', '1', '', '修改图片基础信息', '修改图片基础信息', '2', '/webapi/images/updateImagesBase', '551', '10004', '0', 'imagesbase:update', '1', null), ('10036', '2017-01-11 11:04:17', '2017-02-09 17:33:01', '1', '', '创建图片基础信息', '创建图片基础信息', '2', '/webapi/images/createImagesBase', '552', '10004', '0', 'imagesbase:write', '1', null), ('10037', '2017-01-11 11:04:17', '2017-02-09 17:33:01', '1', '', '图片上传', '图片上传', '2', 'image.add', '501', '10004', '1', 'images:write', '1', null), ('10038', '2017-01-11 11:04:18', '2017-02-09 17:33:01', '1', '', '修改图片', '修改图片', '2', '/webapi/images/updateImages', '553', '10004', '0', 'images:update', '1', null), ('10039', '2017-01-11 11:04:18', '2017-02-09 17:33:01', '1', '', '删除图片', '删除图片', '2', '/webapi/images/delImages', '554', '10004', '0', 'images:delete', '1', null), ('10040', '2017-01-11 11:04:18', '2017-02-21 14:47:40', '1', '', 'UPLOAD', 'UPLOAD', '2', '/webapi/upload/uploadImage', '555', '10004', '0', 'images:upload', '1', null), ('10041', '2017-01-11 11:04:18', '2017-02-09 17:33:01', '1', '14840345528522311094', '视频基础信息', '视频基础信息', '2', 'video.base', '600', '10005', '1', 'videobase:read', '1', null), ('10042', '2017-01-11 11:04:18', '2017-02-09 17:33:01', '1', '', '修改视频基础信息', '修改视频基础信息', '2', '/webapi/video/updateVideoBase', '650', '10005', '0', 'videobase:update', '1', null), ('10043', '2017-01-11 11:04:18', '2017-02-09 17:33:01', '1', '', '创建视频基础信息', '创建视频基础信息', '2', '/webapi/video/createVideoBase', '651', '10005', '0', 'videobase:write', '1', null), ('10044', '2017-01-11 11:04:18', '2017-02-09 17:33:01', '1', '', '上传视频', '上传视频', '2', 'video.add', '601', '10005', '1', 'video:write', '1', null), ('10045', '2017-01-11 11:04:18', '2017-02-09 17:33:01', '1', '', '修改视频', '修改视频', '2', '/webapi/video/updateVideo', '602', '10005', '0', 'video:update', '1', null), ('10046', '2017-01-11 11:04:18', '2017-02-09 17:33:01', '1', '', '删除视频', '删除视频', '2', '/webapi/video/delVideo', '652', '10005', '0', 'video:delete', '1', null), ('10047', '2017-01-11 11:04:18', '2017-02-09 17:33:01', '1', '', '视频列表', '视频列表', '2', 'video.list', '603', '10005', '1', 'video:read', '1', null), ('10048', '2017-01-11 11:04:19', '2017-02-09 17:33:01', '1', '', '栏目列表', '栏目列表', '2', 'newscolumn.list', '701', '10006', '1', 'newscolumn:read', '1', null), ('10049', '2017-01-11 11:04:19', '2017-02-09 17:33:01', '1', '', '创建栏目', '创建栏目', '2', 'newscolumn.add', '700', '10006', '1', 'newscolumn:write', '1', null), ('10050', '2017-01-11 11:04:19', '2017-02-09 17:33:01', '1', '', '修改栏目', '修改栏目', '2', '/webapi/newscolumn/updateNewsColumn', '750', '10006', '0', 'newscolumn:update', '1', null), ('10051', '2017-01-11 11:04:19', '2017-02-09 17:33:01', '1', '', '删除栏目', '删除栏目', '2', '/webapi/newscolumn/delNewsColumn', '751', '10006', '0', 'newscolumn:delete', '1', null), ('10052', '2017-01-11 11:04:19', '2017-02-09 17:33:01', '1', '', '新闻列表', '新闻列表', '2', 'news.newslist', '801', '10007', '1', 'news:read', '1', null), ('10053', '2017-01-11 11:04:19', '2017-02-09 17:33:01', '1', '', '删除新闻', '删除新闻', '2', '/webapi/news/delNews', '850', '10007', '0', 'news:delete', '1', null), ('10054', '2017-01-11 11:04:19', '2017-02-09 17:33:01', '1', '', '创建新闻', '创建新闻', '2', 'news.add', '800', '10007', '1', 'news:write', '1', null), ('10055', '2017-01-11 11:04:19', '2017-02-09 17:33:01', '1', '', '修改新闻', '修改新闻', '2', '/webapi/news/updateNews', '851', '10007', '0', 'news:update', '1', null), ('10056', '2017-01-11 11:04:20', '2017-02-09 17:33:01', '1', '', '新闻发布', '新闻发布', '2', '/webapi/news/publish', '852', '10007', '0', 'news:publish', '1', null), ('10057', '2017-01-11 11:04:20', '2017-02-09 17:33:01', '1', '', '权限列表', '权限列表', '2', 'permission.list', '901', '10008', '1', 'permission:read', '1', null), ('10058', '2017-01-11 11:04:20', '2017-02-09 17:33:01', '1', '', '新增权限', '新增权限', '2', 'permission.add', '900', '10008', '1', 'permission:write', '1', null), ('10059', '2017-01-11 11:04:20', '2017-02-09 17:33:01', '1', '', '修改权限', '修改权限', '2', '/webapi/permission/updatePermission', '950', '10008', '0', 'permission:update', '1', null), ('10060', '2017-01-11 11:04:20', '2017-02-09 17:33:01', '1', '', '删除权限', '删除权限', '2', '/webapi/permission/delPermission', '951', '10008', '0', 'permission:delete', '1', null), ('10062', '2017-01-11 11:04:20', '2017-02-09 17:33:01', '1', '', '获取用户组权限', '获取用户组权限', '2', '/webapi/permission/listPositionPermission', '1050', '10009', '0', 'positionpermission:read', '1', null), ('10063', '2017-01-11 11:04:20', '2017-02-09 17:33:01', '1', '', '用户组权限设置', '用户组权限设置', '2', '/webapi/permission/createPositionPermission', '1051', '10009', '0', 'positionpermission:write', '1', null), ('10064', '2017-01-11 11:04:21', '2017-02-09 17:33:01', '1', '', '删除用户组权限', '删除用户组权限', '2', '/webapi/permission/delPositionPermission', '1052', '10009', '0', 'positionpermission:delete', '1', null), ('10065', '2017-01-11 11:04:21', '2017-02-09 17:33:01', '1', '14840345528522311094', '创建用户组', '创建用户组', '2', 'userposition.add', '1000', '10009', '1', 'position:write', '1', null), ('10066', '2017-01-11 11:04:21', '2017-02-09 17:33:01', '1', '', '删除用户组', '删除用户组', '2', '/webapi/position/delPosition', '1053', '10009', '0', 'position:delete', '1', null), ('10067', '2017-01-11 11:04:21', '2017-02-09 17:33:01', '1', '', '修改用户组', '修改用户组', '2', '/webapi/position/updatePosition', '1054', '10009', '0', 'position:update', '1', null), ('10068', '2017-01-11 11:04:21', '2017-02-09 17:33:01', '1', '14840345528522311094', '用户组列表', '用户组列表', '2', 'userposition.list', '1001', '10009', '1', 'position:read', '1', null), ('10069', '2017-01-11 11:04:21', '2017-02-09 17:33:01', '1', '', '用户组添加用户设置', '用户组添加用户设置', '2', '/webapi/position/setUserPosition', '152', '10000', '0', 'userposition:update', '1', null), ('10070', '2017-01-11 11:04:23', '2017-02-09 17:33:01', '1', '', '专题预览', '专题预览', '2', '/webapi/topic/preview', '1250', '10011', '0', 'topic:preview', '1', null), ('10071', '2017-01-11 11:04:20', '2017-02-09 17:33:01', '1', '', '新闻检索', '新闻检索', '2', '/webapi/search/searchNew', '854', '10007', '0', 'news:search', '1', null), ('10072', '2017-01-11 11:04:23', '2017-02-09 17:33:01', '1', '', '专题检索', '专题检索', '2', '/webapi/search/searchTopic', '1251', '10011', '0', 'topic:search', '1', null), ('10073', '2017-01-11 11:04:18', '2017-02-09 17:33:01', '1', '', '图片检索', '图片检索', '2', '/webapi/search/searchImages', '556', '10004', '0', 'images:search', '1', null), ('10074', '2017-01-11 11:04:19', '2017-02-09 17:33:01', '1', '', '视频检索', '视频检索', '2', '/webapi/search/searchVideo', '653', '10005', '0', 'video:search', '1', null), ('10076', '2017-01-11 11:04:21', '2017-02-09 17:33:01', '1', '', '模版检索', '模版检索', '2', '/webapi/search/searchTemplate', '1150', '10010', '0', 'template:search', '1', null), ('10077', '2017-01-11 11:04:21', '2017-02-09 17:33:01', '1', '', '第二模版检索', '第二模版检索', '2', '/webapi/search/searchTemplate2', '1151', '10010', '0', 'template2:search', '1', null), ('10078', '2017-01-11 11:04:21', '2017-02-09 17:33:01', '1', '', '第二模版列表', '第二模版列表', '2', 'template2.list', '1100', '10010', '1', 'template2:read', '1', null), ('10079', '2017-01-11 11:04:21', '2017-02-09 17:33:01', '1', '', '删除第二模版', '删除第二模版', '2', '/webapi/template2/delTemplate2', '1152', '10010', '0', 'template2:delete', '1', null), ('10080', '2017-01-11 11:04:21', '2017-02-09 17:33:01', '1', '', '修改第二模版', '修改第二模版', '2', '/webapi/template2/updateTemplate2', '1153', '10010', '0', 'template2:update', '1', null), ('10081', '2017-01-11 11:04:22', '2017-02-09 17:33:01', '1', '', '创建第二模版', '创建第二模版', '2', 'template2.add', '1101', '10010', '1', 'template2:write', '1', null), ('10082', '2017-01-11 11:04:22', '2017-02-09 17:33:01', '1', '', '第二模版上传', '第二模版上传', '2', '/webapi/template2/uploadTemplate2', '1154', '10010', '0', 'template2:upload', '1', null), ('10083', '2017-01-11 11:04:22', '2017-02-09 17:33:01', '1', '', '第二模版下载', '第二模版下载', '2', '/webapi/template2/downTemplate2', '1155', '10010', '0', 'template2:download', '1', null), ('10084', '2017-01-11 11:04:22', '2017-02-09 17:33:01', '1', '14840345528522311094', '第二模版基础信息', '第二模版基础信息', '2', 'template2.baseAdd', '1102', '10010', '1', 'template2base:read', '1', null), ('10085', '2017-01-11 11:04:22', '2017-02-09 17:33:01', '1', '', '修改第二模版基础信息', '修改第二模版基础信息', '2', '/webapi/template2/base/update', '1156', '10010', '0', 'template2base:update', '1', null), ('10086', '2017-01-11 11:04:22', '2017-02-09 17:33:01', '1', '', '模版列表', '模版列表', '2', 'template.list', '1103', '10010', '1', 'template:read', '1', null), ('10087', '2017-01-11 11:04:22', '2017-02-09 17:33:01', '1', '', '删除模版', '删除模版', '2', '/webapi/template/delTemplate', '1157', '10010', '0', 'template:delete', '1', null), ('10088', '2017-01-11 11:04:22', '2017-02-09 17:33:01', '1', '', '修改模版', '修改模版', '2', '/webapi/template/updateTemplate', '1158', '10010', '0', 'template:update', '1', null), ('10089', '2017-01-11 11:04:22', '2017-02-09 17:33:01', '1', '', '创建模版', '创建模版', '2', 'template.add', '1104', '10010', '1', 'template:write', '1', null), ('10090', '2017-01-11 11:04:22', '2017-02-09 17:33:01', '1', '', '模版上传', '模版上传', '2', '/webapi/template/uploadTemplate', '1159', '10010', '0', 'template:upload', '1', null), ('10091', '2017-01-11 11:04:22', '2017-02-09 17:33:01', '1', '', '模版下载', '模版下载', '2', '/webapi/template/downTemplate', '1160', '10010', '0', 'template:download', '1', null), ('10092', '2017-01-11 11:04:22', '2017-02-09 17:33:01', '1', '', '关联关系', '关联关系', '2', '/webapi/template/relation', '1161', '10010', '0', 'templaterelation:read', '1', null), ('10093', '2017-01-11 11:04:22', '2017-02-09 17:33:01', '1', '', '新增模版关系', '新增模版关系', '2', '/webapi/template/createRelation', '1162', '10010', '0', 'templaterelation:write', '1', null), ('10094', '2017-01-11 11:04:23', '2017-02-09 17:33:01', '1', '', '修改模版关系[批量]', '修改模版关系[批量]', '2', '/webapi/template/updateRelations', '1163', '10010', '0', 'templaterelation:update', '1', null), ('10095', '2017-01-11 11:04:23', '2017-02-09 17:33:01', '1', '', '删除模版关系', '删除模版关系', '2', '/webapi/template/delRelation', '1164', '10010', '0', 'templaterelation:delete', '1', null), ('10096', '2017-01-11 11:04:23', '2017-02-09 17:33:01', '1', '', '专题列表', '专题列表', '2', 'topic.list', '1201', '10011', '1', 'topic:read', '1', null), ('10097', '2017-01-11 11:04:23', '2017-02-09 17:33:01', '1', '', '专题删除', '专题删除', '2', '/webapi/topic/delTopic', '1252', '10011', '0', 'topic:delete', '1', null), ('10098', '2017-01-11 11:04:23', '2017-02-09 17:33:01', '1', '', '专题发布', '专题发布', '2', '/webapi/topic/publish', '1253', '10011', '0', 'topic:publish', '1', null), ('10099', '2017-01-11 11:04:23', '2017-02-09 17:33:01', '1', '', '创建专题', '创建专题', '2', 'topic.add', '1200', '10011', '1', 'topic:write', '1', null), ('10100', '2017-01-11 11:04:23', '2017-02-09 17:33:01', '1', '', '修改专题', '修改专题', '2', '/webapi/topic/updateTopic', '1254', '10011', '0', 'topic:update', '1', null), ('10101', '2017-01-11 11:04:23', '2017-02-09 17:33:01', '1', '', '专题分类列表', '专题分类列表', '2', 'topic.classList', '1202', '10011', '1', 'topicclassify:read', '1', null), ('10102', '2017-01-11 11:04:23', '2017-02-09 17:33:01', '1', '', '新建专题分类', '新建专题分类', '2', 'topic.addClass', '1203', '10011', '1', 'topicclassify:write', '1', null), ('10103', '2017-01-11 11:04:23', '2017-02-09 17:33:01', '1', '', '修改专题分类', '修改专题分类', '2', '/webapi/topic/updateTopicClassify', '1255', '10011', '0', 'topicclassify:update', '1', null), ('10104', '2017-01-11 11:04:24', '2017-02-09 17:33:01', '1', '', '删除专题分类', '删除专题分类', '2', '/webapi/topic/delTopicClassify', '1256', '10011', '0', 'topicclassify:delete', '1', null), ('10105', '2017-01-11 11:04:24', '2017-02-09 17:33:01', '1', '', '系列专题分类列表', '系列专题分类列表', '2', 'topic.columnList', '1204', '10011', '1', 'topiccolumn:read', '1', null), ('10106', '2017-01-11 11:04:24', '2017-02-09 17:33:01', '1', '', '修改系列专题分类', '修改系列专题分类', '2', '/webapi/topic/updateTopicColumn', '1257', '10011', '0', 'topiccolumn:update', '1', null), ('10107', '2017-01-11 11:04:24', '2017-02-09 17:33:01', '1', '', '删除系列专题分类', '删除系列专题分类', '2', '/webapi/topic/delTopicColumn', '1258', '10011', '0', 'topiccolumn:delete', '1', null), ('10108', '2017-01-11 11:04:16', '2017-02-09 17:33:01', '1', '', '用户的频道权限列表', '用户的频道权限列表', '2', '/webapi/userchannel/list/userId', '156', '10000', '0', 'userchannel:read', '1', null), ('10109', '2017-01-11 11:04:16', '2017-02-09 17:33:01', '1', '', '创建用户频道权限', '创建用户频道权限', '2', '/webapi/userchannel/createUserChannel', '154', '10000', '0', 'userchannel:write', '1', null), ('10110', '2017-01-11 11:04:20', '2017-02-09 17:33:01', '1', '', '新闻预览', '新闻预览', '2', '/webapi/news/preview', '853', '10007', '0', 'news:preview', '1', null), ('10111', '2017-01-11 11:04:16', '2017-02-09 17:33:01', '1', '', '删除用户频道权限', '删除用户频道权限', '2', '/webapi/userchannel/delUserChannel', '155', '10000', '0', 'userchannel:delete', '1', null), ('10112', '2017-01-11 11:04:24', '2017-02-09 17:33:01', '1', '', '新建系列专题分类', '新建系列专题分类', '2', 'topic.addColumn', '1205', '10011', '1', 'topiccolumn:write', '1', null), ('10120', '2017-01-15 16:17:56', '2017-02-09 17:33:01', '1', '', '图片列表', '图片列表', '2', 'image.list', '502', '10004', '1', 'images:read', '1', null), ('10122', '2017-01-15 17:27:35', '2017-03-17 23:50:41', '1', null, '统计管理', '统计管理', '1', 'statistics', '13', null, '1', 'statistics:*', '1', null), ('10123', '2017-01-15 17:29:36', '2017-03-18 00:08:06', '1', '14840345528522311094', '统计信息查询', '统计信息查询', '2', 'statistics.list', '1300', '10122', '1', 'statistics:read', '1', null), ('10124', '2017-01-15 22:12:27', '2017-02-09 17:33:01', '1', '14840345528522311094', '用户组删除用户设置', '用户组删除用户设置', '2', '/webapi/position/delUserPosition', '151', '10000', '0', 'userposition:delete', '1', null), ('10125', '2017-01-15 22:14:29', '2017-02-09 17:33:01', '1', '14840345528522311094', '用户的用户组权限获取', '用户的用户组权限获取', '2', '/webapi/position/listUserPosition', '153', '10000', '0', 'userposition:read', '1', null), ('10126', '2017-01-16 15:02:14', '2017-03-17 19:47:27', '1', null, '我的新闻列表', '我的新闻列表', '2', 'news.mynewslist', '804', '10007', '1', 'news:read', '1', null), ('10130', '2017-01-16 20:18:04', '2017-03-17 19:47:30', '1', '14840345528522311094', '推荐栏目列表', '推荐栏目列表', '2', 'news.recommendcolumnlist', '805', '10007', '1', 'recommendcolumn:read', '1', null), ('10131', '2017-01-16 20:21:18', '2017-03-17 19:47:36', '1', '14840345528522311094', '推荐栏目创建', '推荐栏目创建', '2', 'news.recommendcolumnadd', '806', '10007', '1', 'recommendcolumn:write', '1', null), ('10132', '2017-01-16 20:21:38', '2017-02-09 17:33:01', '1', null, '推荐栏目修改', '推荐栏目修改', '2', '/webapi/news/updateRecommendColumn', '856', '10007', '0', 'recommendcolumn:update', '1', null), ('10133', '2017-01-16 20:23:47', '2017-02-09 17:33:01', '1', null, '推荐新闻', '推荐新闻', '2', '/webapi/news/recommend', '857', '10007', '0', 'newsrecommend:write', '1', null), ('10134', '2017-01-16 20:24:10', '2017-02-09 17:33:01', '1', null, '推荐新闻详情', '推荐新闻详情', '2', '/webapi/news/recommendNewsInfo', '858', '10007', '0', 'newsrecommend:read', '1', null), ('10140', '2017-01-20 00:17:47', '2017-02-21 15:21:42', '1', null, 'VIDEOUPLOAD', 'VIDEOUPLOAD', '2', '/webapi/upload/uploadVideo2', '654', '10005', '0', 'video:upload', '1', null), ('10142', '2017-01-21 21:59:04', '2017-02-09 17:33:01', '1', '14840345528522311094', '用户检索', '用户检索', '2', '/webpai/search/searchUser', '157', '10000', '0', 'user:search', '1', null), ('20000', '2017-02-21 11:41:26', '2017-02-21 11:42:28', '1', '14840345528522311094', '图片上传', '图片上传', '2', '/webapi/upload/uploadImage', '158', '10000', '0', 'images:upload', '1', null), ('20001', '2017-02-21 11:56:03', '2017-02-21 11:56:03', '1', null, '部门分类列表', '部门分类列表', '2', '/webapi/category/listCategory', '352', '10002', '0', 'category:read', '1', null), ('20002', '2017-02-21 14:33:59', '2017-02-21 14:38:13', '1', null, '频道列表', '频道列表', '2', '/webapi/channel/listChannel', '458', '10003', '0', 'channel:read', '1', null), ('20004', '2017-02-21 15:29:04', '2017-02-21 15:29:04', '1', null, '频道列表', '频道列表', '2', '/webapi/channel/listChannel', '752', '10006', '0', 'channel:read', '1', null), ('20005', '2017-02-21 15:38:00', '2017-02-21 15:38:00', '1', null, '部门分类列表', '部门分类列表', '2', '/webapi/category/listCategory', '859', '10007', '0', 'category:read', '1', null), ('20006', '2017-02-21 15:38:55', '2017-02-21 15:38:55', '1', null, '新闻栏目列表', '新闻栏目列表', '2', '/webapi/newscolumn/newscolumnlist', '860', '10007', '0', 'newscolumn:read', '1', null), ('20007', '2017-02-21 15:48:02', '2017-02-21 15:48:02', '1', null, '权限列表', '权限列表', '2', '/webapi/permission/listPermission', '1055', '10009', '0', 'permission:read', '1', null), ('20008', '2017-02-21 16:04:08', '2017-02-21 16:04:43', '1', null, '频道列表', '频道列表', '2', '/webapi/channel/listChannel', '1165', '10010', '0', 'channel:read', '1', null), ('20009', '2017-02-21 16:13:09', '2017-02-21 16:13:09', '1', null, '关联栏目列表', '关联栏目列表', '2', '/webapi/newscolumn/relationColumnList', '1166', '10010', '0', 'newscolumn:read', '1', null), ('20010', '2017-02-21 16:16:19', '2017-02-21 16:16:19', '1', null, '关联专题分类列表', '关联专题分类列表', '2', '/webapi/topic/topicClassifyList', '1167', '10010', '0', 'topicclassify:read', '1', null), ('20011', '2017-02-21 16:17:44', '2017-02-21 16:17:44', '1', null, '关联碎片列表', '关联碎片列表', '2', '/webapi/fragment/list', '1168', '10010', '0', 'fragment:read', '1', null), ('20012', '2017-02-21 16:19:23', '2017-02-21 16:19:23', '1', null, '关联推荐栏目列表', '关联推荐栏目列表', '2', '/webapi/news/recommendColumnlist', '1169', '10010', '0', 'recommendcolumn:read', '1', null), ('20013', '2017-02-21 16:23:33', '2017-02-21 16:25:44', '1', null, '部门分类列表', '部门分类列表', '2', '/webapi/category/listCategory', '1259', '10011', '0', 'category:read', '1', null), ('20040', '2017-03-09 19:17:55', '2017-03-17 19:47:24', '1', null, '删除新闻列表', '删除新闻列表', '2', 'news.manage', '803', '10007', '1', 'news:manage', '1', null), ('20041', '2017-03-09 19:21:14', '2017-03-09 19:21:14', '1', null, '撤销发布', '撤销发布', '2', '/webapi/news/rescind', '861', '10007', '0', 'news:rescind', '1', null), ('20042', '2017-03-12 21:47:08', '2017-03-12 21:47:08', '1', null, '恢复新闻', '恢复新闻', '2', '/webapi/news/recover', '862', '10007', '0', 'news:recover', '1', null), ('20043', '2017-03-17 19:47:20', '2017-03-17 19:48:27', '1', null, '推荐新闻列表', '推荐新闻列表', '2', 'news.recommendlist', '802', '10007', '1', 'newsrecommend:read', '1', null), ('20044', '2017-03-17 19:50:16', '2017-03-17 19:50:16', '1', null, '取消推荐', '取消推荐', '2', '/webapi/news/deleteRecommend', '863', '10007', '0', 'newsrecommend:delete', '1', null), ('30000', '2017-03-07 16:02:25', '2017-03-07 16:02:25', '1', null, '修改用户', '修改用户', '2', '/webapi/user/updateUser2', '151', '10000', '0', 'user:update', '1', null), ('100023', '2017-01-11 11:04:16', '2017-02-09 17:33:01', '1', '', '碎片列表', '碎片列表', '2', 'fragment.list', '401', '10003', '1', 'fragment:read', '1', null), ('100024', '2017-01-11 11:04:17', '2017-02-09 17:33:01', '1', '', '删除碎片', '删除碎片', '2', '/webapi/fragment/delFragment', '450', '10003', '0', 'fragment:delete', '1', null), ('100025', '2017-01-11 11:04:17', '2017-02-09 17:33:01', '1', '', '编辑碎片', '编辑碎片', '2', '/webapi/fragment/editFragment', '451', '10003', '0', 'fragment:edit', '1', null), ('100026', '2017-01-11 11:04:17', '2017-02-09 17:33:01', '1', '', '修改碎片', '修改碎片', '2', '/webapi/fragment/updateFragment', '452', '10003', '0', 'fragment:update', '1', null), ('100027', '2017-01-11 11:04:17', '2017-02-09 17:33:01', '1', '', '创建碎片', '创建碎片', '2', 'fragment.add', '400', '10003', '1', 'fragment:write', '1', null), ('100028', '2017-01-11 11:04:17', '2017-02-09 17:33:01', '1', '', '碎片历史纪录', '碎片历史纪录', '2', '/webapi/fragment/listHistory', '453', '10003', '0', 'fragmenthistory:write', '1', null), ('100029', '2017-01-11 11:04:17', '2017-02-09 17:33:01', '1', '', '碎片分类列表', '碎片分类列表', '2', 'fragment.classList', '402', '10003', '1', 'fragmentclassify:read', '1', null), ('100030', '2017-01-11 11:04:17', '2017-02-09 17:33:01', '1', '', '创建碎片分类', '创建碎片分类', '2', 'fragment.addClass', '403', '10003', '1', 'fragmentclassify:write', '1', null), ('100031', '2017-01-11 11:04:17', '2017-02-09 17:33:01', '1', '', '修改碎片分类', '修改碎片分类', '2', '/webapi/fragment/updateClassify', '454', '10003', '0', 'fragmentclassify:update', '1', null), ('100032', '2017-01-11 11:04:17', '2017-02-09 17:33:01', '1', '', '删除碎片分类', '删除碎片分类', '2', '/webapi/fragment/delClassify', '455', '10003', '0', 'fragmentclassify:delete', '1', null), ('100033', '2017-01-11 11:04:17', '2017-02-09 17:33:01', '1', '', '碎片发布', '碎片发布', '2', '/webapi/fragment/publish', '456', '10003', '0', 'fragment:publish', '1', null), ('100075', '2017-01-11 11:04:17', '2017-02-09 17:33:01', '1', '', '碎片检索', '碎片检索', '2', '/webapi/search/searchFragment', '457', '10003', '0', 'fragment:search', '1', null), ('100080', '2017-02-09 17:38:01', '2017-02-09 17:39:24', '1', null, '新闻', 'APP新闻管理', '1', 'appnews.list', '10000', null, '1', 'appnews:read', '2', null), ('100081', '2017-02-09 17:39:21', '2017-02-09 17:40:30', '1', null, 'APP新增新闻', 'APP新增新闻', '2', '/app/news/createNews', '10050', '100080', '0', 'appnews:write', '2', null), ('100082', '2017-02-09 17:41:01', '2017-02-09 17:41:32', '1', null, 'APP修改新闻', 'APP修改新闻', '2', '/app/news/updateNews', '10051', '100080', '0', 'appnews:update', '2', null), ('100083', '2017-02-09 17:42:16', '2017-02-09 17:42:16', '1', null, 'APP新闻发布', 'APP新闻发布', '2', '/app/news/publish', '10052', '100080', '0', 'appnews:publish', '2', null), ('100084', '2017-02-09 17:43:33', '2017-02-09 17:52:52', '1', null, 'APP新闻检索', 'APP新闻检索', '2', '/app/search/searchNew', '10053', '100080', '0', 'appnews:search', '2', null), ('100090', '2017-02-09 17:44:42', '2017-02-09 17:44:42', '1', null, '图片', 'APP图片管理', '1', 'appimages.list', '11000', null, '1', 'appimages:read', '2', null), ('100091', '2017-02-09 17:45:34', '2017-02-09 17:45:34', '1', null, 'APP新增图片', 'APP新增图片', '2', '/app/images/createImages', '11050', '100090', '0', 'appimages:write', '2', null), ('100092', '2017-02-09 17:46:21', '2017-02-09 17:46:21', '1', null, 'APP修改图片', 'APP修改图片', '2', '/app/images/updateImages', '11051', '100090', '0', 'appimages:update', '2', null), ('100093', '2017-02-09 17:47:10', '2017-02-09 17:47:10', '1', null, 'APP删除图片', 'APP删除图片', '2', '/app/images/delImages', '11052', '100090', '0', 'appimages:delete', '2', null), ('100094', '2017-02-09 17:48:33', '2017-02-09 17:48:33', '1', null, 'APP上传图片', 'APP上传图片', '2', '/app/upload/uploadImage', '11053', '100090', '0', 'appimages:upload', '2', null), ('100095', '2017-02-09 17:49:44', '2017-02-09 17:49:44', '1', null, 'APP图片检索', 'APP图片检索', '2', '/app/search/searchImages', '11054', '100090', '0', 'appimages:search', '2', null), ('100100', '2017-02-09 17:51:14', '2017-02-09 17:51:14', '1', null, '视频', 'APP视频管理', '1', 'appvideo.list', '12000', null, '1', 'appvideo:read', '2', null), ('100101', '2017-02-09 17:52:28', '2017-02-09 17:52:28', '1', null, 'APP新增视频', 'APP新增视频', '2', '/app/video/createVideo', '12050', '100100', '0', 'appvideo:write', '2', null), ('100102', '2017-02-09 17:52:47', '2017-02-09 17:53:28', '1', null, 'APP修改视频', 'APP修改视频', '2', '/app/video/updateVideo', '12051', '100100', '0', 'appvideo:update', '2', null), ('100103', '2017-02-09 17:54:11', '2017-02-09 17:54:11', '1', null, 'APP删除视频', 'APP删除视频', '2', '/app/video/delVideo', '12052', '100100', '0', 'appvideo:delete', '2', null), ('100104', '2017-02-09 17:55:09', '2017-02-09 17:55:09', '1', null, 'APP视频检索', 'APP视频检索', '2', '/app/search/searchVideo', '12053', '100100', '0', 'appvideo:search', '2', null), ('100105', '2017-02-09 17:56:38', '2017-02-09 17:56:38', '1', null, 'APP上传视频', 'APP上传视频', '2', '/app/upload/uploadVideo', '12054', '100100', '0', 'appvideo:upload', '2', null), ('100106', '2017-04-13 15:41:20', '2017-04-13 15:41:20', '1', null, '对应模版', '对应模版列表', '2', '/webapi/template/listTemplateBycolumnId', '753', '10006', '0', 'newscolumntemplate:read', '1', null), ('100107', '2017-04-13 15:41:56', '2017-04-13 15:42:20', '1', null, '删除对应模版', '删除对应模版', '2', '/webapi/template/delRelationByColumnList', '754', '10006', '0', 'newscolumntemplate:delete', '1', null), ('100108', '2017-04-13 15:41:56', '2017-04-13 15:42:20', '1', null, '删除推荐栏目', '删除推荐栏目', '2', '/webapi/news/deleteRecommendColumn', '864', '10007', '0', 'recommendcolumn:delete', '1', null),('100109', '2017-05-04 15:41:56', '2017-05-04 15:42:20', '1', null, '发布日志', '发布日志', '1', 'publishinfo', '14', null, '1', 'publishinfo:*', '1', null),('100110', '2017-05-04 15:41:56', '2017-05-04 15:42:20', '1', null, '发布日志查询', '发布日志查询', '2', 'publishinfo.list', '1400', 100109, '1', 'publishinfo:read', '1', null),('100112', '2017-05-04 15:41:56', '2017-05-04 15:42:20', '1', null, '发布栏目下所有新闻', '发布栏目下所有新闻', '2', '/webapi/newscolumn/publish', '755', 10006, '0', 'newscolumn:publish', '1', null);
COMMIT;

-- ----------------------------
--  Records of `position`
-- ----------------------------
BEGIN;
INSERT INTO `position` VALUES  ('10001', '2017-01-11 11:33:18', '2017-01-18 16:32:56', '1', '管理员组', '14840345528522311094', null);
COMMIT;

-- ----------------------------
--  Records of `user`
-- ----------------------------
BEGIN;
INSERT INTO `user` VALUES ('10000', '2017-01-10 18:24:29', '2017-03-19 13:57:43', '1', 'admin', 'http://120.77.220.11/p_images/2017/1/24/QJ_519000839032.png', '管理员1', 'YTY2YWJiNTY4NGM0NTk2MmQ4ODc1NjRmMDgzNDZlOGQ=', '14840345528522311094', '14840345528522311094', 'QJW-CA-BF-0F-0E-0A', null), ('10001', '2017-01-10 18:24:26', '2017-03-19 13:57:43', '1', 'admin2', 'http://v1.qzone.cc/pic/201501/14/17/36/54b638a4f23b6016.jpg!600x600.jpg', '管理员2', 'OTZiNWNjZGUwMjc1MGM5ODY1ZmZkZDNhYmEyNjVkYWY=', '14840347217173058274', '14840347217173058274', 'QJW-CA-BF-0F-0E-0A', null), ('10002', '2017-01-10 18:24:22', '2017-03-19 13:57:43', '1', 'admin3', 'http://120.77.220.11/p_images/2017/2/27/QJ_819828880251.png', '管理员3', 'ZGUxMjNkNjI5NzI0MGExMzFjY2I0NmEzNTFiYzc5ZjY=', '14840347310677855902', '14840347310677855902', 'QJW-CA-BF-0F-0E-0A', null),(null, '2017-01-10 18:24:22', '2017-03-19 13:57:43', '1', '抓站专用', null, '抓站专用', null, '100000000000000010', '100000000000000010', 'QJW-CA-BF-0F-0E-0A', null),(null, '2017-01-10 18:24:22', '2017-03-19 13:57:43', '1', '系统', null, '系统', null, '100000000000000001', '100000000000000001', 'QJW-CA-BF-0F-0E-0A', null);
COMMIT;


-- ----------------------------
--  Records of `position_permission`
-- ----------------------------
BEGIN;
INSERT INTO `position_permission` VALUES ('10520', '2017-01-17 21:55:45', '2017-01-17 21:55:45', '1', '10001', '10013', '14840345528522311094', null), ('10521', '2017-01-17 21:55:45', '2017-01-17 21:55:45', '1', '10001', '10012', '14840345528522311094', null), ('10522', '2017-01-17 21:55:45', '2017-01-17 21:55:45', '1', '10001', '10014', '14840345528522311094', null), ('10523', '2017-01-17 21:55:45', '2017-01-17 21:55:45', '1', '10001', '10124', '14840345528522311094', null), ('10524', '2017-01-17 21:55:45', '2017-01-17 21:55:45', '1', '10001', '10069', '14840345528522311094', null), ('10525', '2017-01-17 21:55:45', '2017-01-17 21:55:45', '1', '10001', '10125', '14840345528522311094', null), ('10526', '2017-01-17 21:55:45', '2017-01-17 21:55:45', '1', '10001', '10109', '14840345528522311094', null), ('10527', '2017-01-17 21:55:45', '2017-01-17 21:55:45', '1', '10001', '10111', '14840345528522311094', null), ('10528', '2017-01-17 21:55:45', '2017-01-17 21:55:45', '1', '10001', '10108', '14840345528522311094', null), ('10529', '2017-01-17 21:55:45', '2017-01-17 21:55:45', '1', '10001', '10001', '14840345528522311094', null), ('10530', '2017-01-17 21:55:45', '2017-01-17 21:55:45', '1', '10001', '10016', '14840345528522311094', null), ('10531', '2017-01-17 21:55:45', '2017-01-17 21:55:45', '1', '10001', '10015', '14840345528522311094', null), ('10532', '2017-01-17 21:55:45', '2017-01-17 21:55:45', '1', '10001', '10017', '14840345528522311094', null), ('10533', '2017-01-17 21:55:45', '2017-01-17 21:55:45', '1', '10001', '10018', '14840345528522311094', null), ('10534', '2017-01-17 21:55:45', '2017-01-17 21:55:45', '1', '10001', '10002', '14840345528522311094', null), ('10535', '2017-01-17 21:55:45', '2017-01-17 21:55:45', '1', '10001', '10020', '14840345528522311094', null), ('10536', '2017-01-17 21:55:45', '2017-01-17 21:55:45', '1', '10001', '10019', '14840345528522311094', null), ('10537', '2017-01-17 21:55:45', '2017-01-17 21:55:45', '1', '10001', '10021', '14840345528522311094', null), ('10538', '2017-01-17 21:55:45', '2017-01-17 21:55:45', '1', '10001', '10022', '14840345528522311094', null), ('10539', '2017-01-17 21:55:45', '2017-01-17 21:55:45', '1', '10001', '10003', '14840345528522311094', null), ('10540', '2017-01-17 21:55:45', '2017-01-17 21:55:45', '1', '10001', '100027', '14840345528522311094', null), ('10541', '2017-01-17 21:55:45', '2017-01-17 21:55:45', '1', '10001', '100023', '14840345528522311094', null), ('10542', '2017-01-17 21:55:45', '2017-01-17 21:55:45', '1', '10001', '100029', '14840345528522311094', null), ('10543', '2017-01-17 21:55:45', '2017-01-17 21:55:45', '1', '10001', '100030', '14840345528522311094', null), ('10544', '2017-01-17 21:55:45', '2017-01-17 21:55:45', '1', '10001', '100024', '14840345528522311094', null), ('10545', '2017-01-17 21:55:45', '2017-01-17 21:55:45', '1', '10001', '100025', '14840345528522311094', null), ('10546', '2017-01-17 21:55:45', '2017-01-17 21:55:45', '1', '10001', '100026', '14840345528522311094', null), ('10547', '2017-01-17 21:55:45', '2017-01-17 21:55:45', '1', '10001', '100028', '14840345528522311094', null), ('10548', '2017-01-17 21:55:45', '2017-01-17 21:55:45', '1', '10001', '100031', '14840345528522311094', null), ('10549', '2017-01-17 21:55:45', '2017-01-17 21:55:45', '1', '10001', '100032', '14840345528522311094', null), ('10550', '2017-01-17 21:55:45', '2017-01-17 21:55:45', '1', '10001', '100033', '14840345528522311094', null), ('10551', '2017-01-17 21:55:45', '2017-01-17 21:55:45', '1', '10001', '100075', '14840345528522311094', null), ('10552', '2017-01-17 21:55:45', '2017-01-17 21:55:45', '1', '10001', '10004', '14840345528522311094', null), ('10553', '2017-01-17 21:55:45', '2017-01-17 21:55:45', '1', '10001', '10034', '14840345528522311094', null), ('10555', '2017-01-17 21:55:45', '2017-01-17 21:55:45', '1', '10001', '10120', '14840345528522311094', null), ('10556', '2017-01-17 21:55:45', '2017-01-17 21:55:45', '1', '10001', '10035', '14840345528522311094', null), ('10557', '2017-01-17 21:55:45', '2017-01-17 21:55:45', '1', '10001', '10036', '14840345528522311094', null), ('10558', '2017-01-17 21:55:45', '2017-01-17 21:55:45', '1', '10001', '10038', '14840345528522311094', null), ('10559', '2017-01-17 21:55:45', '2017-01-17 21:55:45', '1', '10001', '10039', '14840345528522311094', null), ('10561', '2017-01-17 21:55:45', '2017-01-17 21:55:45', '1', '10001', '10073', '14840345528522311094', null), ('10562', '2017-01-17 21:55:45', '2017-01-17 21:55:45', '1', '10001', '10005', '14840345528522311094', null), ('10563', '2017-01-17 21:55:45', '2017-01-17 21:55:45', '1', '10001', '10041', '14840345528522311094', null), ('10564', '2017-01-17 21:55:45', '2017-01-17 21:55:45', '1', '10001', '10044', '14840345528522311094', null), ('10565', '2017-01-17 21:55:45', '2017-01-17 21:55:45', '1', '10001', '10045', '14840345528522311094', null), ('10566', '2017-01-17 21:55:45', '2017-01-17 21:55:45', '1', '10001', '10047', '14840345528522311094', null), ('10567', '2017-01-17 21:55:45', '2017-01-17 21:55:45', '1', '10001', '10042', '14840345528522311094', null), ('10568', '2017-01-17 21:55:45', '2017-01-17 21:55:45', '1', '10001', '10043', '14840345528522311094', null), ('10569', '2017-01-17 21:55:45', '2017-01-17 21:55:45', '1', '10001', '10046', '14840345528522311094', null), ('10570', '2017-01-17 21:55:45', '2017-01-17 21:55:45', '1', '10001', '10074', '14840345528522311094', null), ('10571', '2017-01-17 21:55:45', '2017-01-17 21:55:45', '1', '10001', '10006', '14840345528522311094', null), ('10572', '2017-01-17 21:55:45', '2017-01-17 21:55:45', '1', '10001', '10049', '14840345528522311094', null), ('10573', '2017-01-17 21:55:45', '2017-01-17 21:55:45', '1', '10001', '10048', '14840345528522311094', null), ('10574', '2017-01-17 21:55:45', '2017-01-17 21:55:45', '1', '10001', '10050', '14840345528522311094', null), ('10575', '2017-01-17 21:55:45', '2017-01-17 21:55:45', '1', '10001', '10051', '14840345528522311094', null), ('10576', '2017-01-17 21:55:45', '2017-01-17 21:55:45', '1', '10001', '10007', '14840345528522311094', null), ('10577', '2017-01-17 21:55:45', '2017-01-17 21:55:45', '1', '10001', '10054', '14840345528522311094', null), ('10578', '2017-01-17 21:55:45', '2017-01-17 21:55:45', '1', '10001', '10052', '14840345528522311094', null), ('10579', '2017-01-17 21:55:45', '2017-01-17 21:55:45', '1', '10001', '10126', '14840345528522311094', null), ('10580', '2017-01-17 21:55:45', '2017-01-17 21:55:45', '1', '10001', '10130', '14840345528522311094', null), ('10581', '2017-01-17 21:55:45', '2017-01-17 21:55:45', '1', '10001', '10053', '14840345528522311094', null), ('10582', '2017-01-17 21:55:45', '2017-01-17 21:55:45', '1', '10001', '10055', '14840345528522311094', null), ('10583', '2017-01-17 21:55:45', '2017-01-17 21:55:45', '1', '10001', '10056', '14840345528522311094', null), ('10584', '2017-01-17 21:55:45', '2017-01-17 21:55:45', '1', '10001', '10110', '14840345528522311094', null), ('10585', '2017-01-17 21:55:45', '2017-01-17 21:55:45', '1', '10001', '10071', '14840345528522311094', null), ('10586', '2017-01-17 21:55:45', '2017-01-17 21:55:45', '1', '10001', '10131', '14840345528522311094', null), ('10587', '2017-01-17 21:55:45', '2017-01-17 21:55:45', '1', '10001', '10132', '14840345528522311094', null), ('10588', '2017-01-17 21:55:45', '2017-01-17 21:55:45', '1', '10001', '10133', '14840345528522311094', null), ('10589', '2017-01-17 21:55:45', '2017-01-17 21:55:45', '1', '10001', '10134', '14840345528522311094', null), ('10590', '2017-01-17 21:55:45', '2017-01-17 21:55:45', '1', '10001', '10008', '14840345528522311094', null), ('10591', '2017-01-17 21:55:45', '2017-01-17 21:55:45', '1', '10001', '10058', '14840345528522311094', null), ('10592', '2017-01-17 21:55:45', '2017-01-17 21:55:45', '1', '10001', '10057', '14840345528522311094', null), ('10593', '2017-01-17 21:55:45', '2017-01-17 21:55:45', '1', '10001', '10059', '14840345528522311094', null), ('10594', '2017-01-17 21:55:45', '2017-01-17 21:55:45', '1', '10001', '10060', '14840345528522311094', null), ('10595', '2017-01-17 21:55:45', '2017-01-17 21:55:45', '1', '10001', '10009', '14840345528522311094', null), ('10596', '2017-01-17 21:55:45', '2017-01-17 21:55:45', '1', '10001', '10065', '14840345528522311094', null), ('10597', '2017-01-17 21:55:45', '2017-01-17 21:55:45', '1', '10001', '10068', '14840345528522311094', null), ('10598', '2017-01-17 21:55:45', '2017-01-17 21:55:45', '1', '10001', '10062', '14840345528522311094', null), ('10599', '2017-01-17 21:55:45', '2017-01-17 21:55:45', '1', '10001', '10063', '14840345528522311094', null), ('10600', '2017-01-17 21:55:45', '2017-01-17 21:55:45', '1', '10001', '10064', '14840345528522311094', null), ('10601', '2017-01-17 21:55:45', '2017-01-17 21:55:45', '1', '10001', '10066', '14840345528522311094', null), ('10602', '2017-01-17 21:55:45', '2017-01-17 21:55:45', '1', '10001', '10067', '14840345528522311094', null), ('10603', '2017-01-17 21:55:45', '2017-01-17 21:55:45', '1', '10001', '10010', '14840345528522311094', null), ('10604', '2017-01-17 21:55:45', '2017-01-17 21:55:45', '1', '10001', '10078', '14840345528522311094', null), ('10605', '2017-01-17 21:55:45', '2017-01-17 21:55:45', '1', '10001', '10081', '14840345528522311094', null), ('10606', '2017-01-17 21:55:45', '2017-01-17 21:55:45', '1', '10001', '10084', '14840345528522311094', null), ('10607', '2017-01-17 21:55:45', '2017-01-17 21:55:45', '1', '10001', '10086', '14840345528522311094', null), ('10608', '2017-01-17 21:55:45', '2017-01-17 21:55:45', '1', '10001', '10089', '14840345528522311094', null), ('10609', '2017-01-17 21:55:45', '2017-01-17 21:55:45', '1', '10001', '10076', '14840345528522311094', null), ('10610', '2017-01-17 21:55:45', '2017-01-17 21:55:45', '1', '10001', '10077', '14840345528522311094', null), ('10611', '2017-01-17 21:55:45', '2017-01-17 21:55:45', '1', '10001', '10079', '14840345528522311094', null), ('10612', '2017-01-17 21:55:45', '2017-01-17 21:55:45', '1', '10001', '10080', '14840345528522311094', null), ('10613', '2017-01-17 21:55:45', '2017-01-17 21:55:45', '1', '10001', '10082', '14840345528522311094', null), ('10614', '2017-01-17 21:55:45', '2017-01-17 21:55:45', '1', '10001', '10083', '14840345528522311094', null), ('10615', '2017-01-17 21:55:45', '2017-01-17 21:55:45', '1', '10001', '10085', '14840345528522311094', null), ('10616', '2017-01-17 21:55:45', '2017-01-17 21:55:45', '1', '10001', '10087', '14840345528522311094', null), ('10617', '2017-01-17 21:55:45', '2017-01-17 21:55:45', '1', '10001', '10088', '14840345528522311094', null), ('10618', '2017-01-17 21:55:45', '2017-01-17 21:55:45', '1', '10001', '10090', '14840345528522311094', null), ('10619', '2017-01-17 21:55:45', '2017-01-17 21:55:45', '1', '10001', '10091', '14840345528522311094', null), ('10620', '2017-01-17 21:55:45', '2017-01-17 21:55:45', '1', '10001', '10092', '14840345528522311094', null), ('10621', '2017-01-17 21:55:45', '2017-01-17 21:55:45', '1', '10001', '10093', '14840345528522311094', null), ('10622', '2017-01-17 21:55:45', '2017-01-17 21:55:45', '1', '10001', '10094', '14840345528522311094', null), ('10623', '2017-01-17 21:55:45', '2017-01-17 21:55:45', '1', '10001', '10095', '14840345528522311094', null), ('10624', '2017-01-17 21:55:45', '2017-01-17 21:55:45', '1', '10001', '10011', '14840345528522311094', null), ('10625', '2017-01-17 21:55:45', '2017-01-17 21:55:45', '1', '10001', '10099', '14840345528522311094', null), ('10626', '2017-01-17 21:55:45', '2017-01-17 21:55:45', '1', '10001', '10096', '14840345528522311094', null), ('10627', '2017-01-17 21:55:45', '2017-01-17 21:55:45', '1', '10001', '10101', '14840345528522311094', null), ('10628', '2017-01-17 21:55:45', '2017-01-17 21:55:45', '1', '10001', '10102', '14840345528522311094', null), ('10629', '2017-01-17 21:55:45', '2017-01-17 21:55:45', '1', '10001', '10105', '14840345528522311094', null), ('10630', '2017-01-17 21:55:45', '2017-01-17 21:55:45', '1', '10001', '10112', '14840345528522311094', null), ('10631', '2017-01-17 21:55:45', '2017-01-17 21:55:45', '1', '10001', '10070', '14840345528522311094', null), ('10632', '2017-01-17 21:55:45', '2017-01-17 21:55:45', '1', '10001', '10072', '14840345528522311094', null), ('10633', '2017-01-17 21:55:45', '2017-01-17 21:55:45', '1', '10001', '10097', '14840345528522311094', null), ('10634', '2017-01-17 21:55:45', '2017-01-17 21:55:45', '1', '10001', '10098', '14840345528522311094', null), ('10635', '2017-01-17 21:55:45', '2017-01-17 21:55:45', '1', '10001', '10100', '14840345528522311094', null), ('10636', '2017-01-17 21:55:45', '2017-01-17 21:55:45', '1', '10001', '10103', '14840345528522311094', null), ('10637', '2017-01-17 21:55:45', '2017-01-17 21:55:45', '1', '10001', '10104', '14840345528522311094', null), ('10638', '2017-01-17 21:55:45', '2017-01-17 21:55:45', '1', '10001', '10106', '14840345528522311094', null), ('10639', '2017-01-17 21:55:45', '2017-01-17 21:55:45', '1', '10001', '10107', '14840345528522311094', null), ('10640', '2017-01-17 21:55:45', '2017-01-17 21:55:45', '1', '10001', '10122', '14840345528522311094', null), ('10641', '2017-01-17 21:55:45', '2017-01-17 21:55:45', '1', '10001', '10123', '14840345528522311094', null), ('14214', '2017-01-18 16:32:49', '2017-01-18 16:32:49', '1', '10001', '100077', '14840345528522311094', null), ('14340', '2017-01-21 21:50:38', '2017-01-21 21:50:38', '1', '10001', '10000', '14840345528522311094', null), ('14341', '2017-01-21 21:50:54', '2017-01-21 21:50:54', '1', '10001', '100076', '14840345528522311094', null), ('14342', '2017-01-21 22:00:35', '2017-01-21 22:00:35', '1', '10001', '10142', null, null), ('14343', '2017-02-09 18:01:56', '2017-02-09 18:01:56', '1', '10001', '100080', null, null), ('14344', '2017-02-09 18:01:56', '2017-02-09 18:01:56', '1', '10001', '100081', null, null), ('14345', '2017-02-09 18:01:56', '2017-02-09 18:01:56', '1', '10001', '100082', null, null), ('14346', '2017-02-09 18:01:56', '2017-02-09 18:01:56', '1', '10001', '100083', null, null), ('14347', '2017-02-09 18:01:56', '2017-02-09 18:01:56', '1', '10001', '100084', null, null), ('14348', '2017-02-09 18:01:56', '2017-02-09 18:01:56', '1', '10001', '100090', null, null), ('14349', '2017-02-09 18:01:56', '2017-02-09 18:01:56', '1', '10001', '100091', null, null), ('14350', '2017-02-09 18:01:56', '2017-02-09 18:01:56', '1', '10001', '100092', null, null), ('14351', '2017-02-09 18:01:56', '2017-02-09 18:01:56', '1', '10001', '100093', null, null), ('14352', '2017-02-09 18:01:56', '2017-02-09 18:01:56', '1', '10001', '100094', null, null), ('14353', '2017-02-09 18:01:56', '2017-02-09 18:01:56', '1', '10001', '100095', null, null), ('14354', '2017-02-09 18:01:56', '2017-02-09 18:01:56', '1', '10001', '100100', null, null), ('14355', '2017-02-09 18:01:56', '2017-02-09 18:01:56', '1', '10001', '100101', null, null), ('14356', '2017-02-09 18:01:56', '2017-02-09 18:01:56', '1', '10001', '100102', null, null), ('14357', '2017-02-09 18:01:56', '2017-02-09 18:01:56', '1', '10001', '100103', null, null), ('14358', '2017-02-09 18:01:56', '2017-02-09 18:01:56', '1', '10001', '100104', null, null), ('14359', '2017-02-09 18:01:56', '2017-02-09 18:01:56', '1', '10001', '100105', null, null), ('15330', '2017-03-09 19:23:16', '2017-03-09 19:23:16', '1', '10001', '20040', null, null), ('15331', '2017-03-09 19:23:16', '2017-03-09 19:23:16', '1', '10001', '20041', null, null), ('15332', '2017-03-12 21:47:55', '2017-03-12 21:47:55', '1', '10001', '20042', null, null), ('15333', '2017-03-17 19:51:21', '2017-03-17 19:51:21', '1', '10001', '20043', null, null), ('15334', '2017-03-17 19:51:21', '2017-03-17 19:51:21', '1', '10001', '20044', null, null), ('15335', '2017-04-06 17:52:42', '2017-04-06 17:52:42', '1', '10001', '20000', '14864364984326540499', null), ('15336', '2017-04-06 17:52:54', '2017-04-06 17:52:54', '1', '10001', '20001', '14864364984326540499', null), ('15337', '2017-04-06 17:52:57', '2017-04-06 17:52:57', '1', '10001', '20002', '14864364984326540499', null), ('15338', '2017-04-06 17:52:59', '2017-04-06 17:52:59', '1', '10001', '10037', '14864364984326540499', null), ('15339', '2017-04-06 17:54:59', '2017-04-06 17:54:59', '1', '10001', '10040', '14864364984326540499', null), ('15340', '2017-04-06 17:55:12', '2017-04-06 17:55:12', '1', '10001', '20005', '14864364984326540499', null), ('15341', '2017-04-06 17:55:12', '2017-04-06 17:55:12', '1', '10001', '20006', '14864364984326540499', null), ('15342', '2017-04-06 17:55:19', '2017-04-06 17:55:19', '1', '10001', '20007', '14864364984326540499', null), ('15343', '2017-04-06 17:55:22', '2017-04-06 17:55:22', '1', '10001', '20008', '14864364984326540499', null), ('15344', '2017-04-06 17:55:23', '2017-04-06 17:55:23', '1', '10001', '20009', '14864364984326540499', null), ('15345', '2017-04-06 17:55:24', '2017-04-06 17:55:24', '1', '10001', '20010', '14864364984326540499', null), ('15346', '2017-04-06 17:55:25', '2017-04-06 17:55:25', '1', '10001', '20011', '14864364984326540499', null), ('15347', '2017-04-06 17:55:25', '2017-04-06 17:55:25', '1', '10001', '20012', '14864364984326540499', null), ('15348', '2017-04-06 17:55:38', '2017-04-06 17:55:38', '1', '10001', '20013', '14864364984326540499', null), ('15349', '2017-04-06 17:55:46', '2017-04-06 17:55:46', '1', '10001', '20004', '14864364984326540499', null), ('15350', '2017-04-13 15:43:42', '2017-04-13 15:43:42', '1', '10001', '100106', null, null), ('15351', '2017-04-13 15:43:42', '2017-04-13 15:43:42', '1', '10001', '100107', null, null), ('15352', '2017-04-13 15:43:42', '2017-04-13 15:43:42', '1', '10001', '100108', null, null), ('15353', '2017-04-13 21:55:55', '2017-04-13 21:55:55', '1', '10001', '30000', '14840347217173058274', '14840347217173058274'), ('15354', '2017-04-13 21:56:06', '2017-04-13 21:56:06', '1', '10001', '10140', '14840347217173058274', '14840347217173058274'),(null, '2017-04-13 21:56:06', '2017-04-13 21:56:06', '1', '10001', '100109', '100000000000000001', '100000000000000001'),(null, '2017-04-13 21:56:06', '2017-04-13 21:56:06', '1', '10001', '100110', '100000000000000001', '100000000000000001'),(null, '2017-04-13 21:56:06', '2017-04-13 21:56:06', '1', '10001', '100111', '100000000000000001', '100000000000000001'),(null, '2017-04-13 21:56:06', '2017-04-13 21:56:06', '1', '10001', '100112', '100000000000000001', '100000000000000001');
COMMIT;


-- ----------------------------
--  Records of `user_position`
-- ----------------------------
BEGIN;
INSERT INTO `user_position` VALUES ('10000', '2017-01-11 11:43:17', '2017-01-11 11:43:17', '1', '14840345528522311094', '10001', '14840345528522311094', null), ('10001', '2017-01-11 12:16:52', '2017-01-11 12:16:52', '1', '14840347217173058274', '10001', '14840347217173058274', null), ('10002', '2017-01-11 12:18:05', '2017-01-11 12:18:28', '1', '14840347310677855902', '10001', '14840347310677855902', null), ('10010', '2017-01-23 00:59:12', '2017-01-23 00:59:12', '1', '14840347217173058274', '10001', '14848418455629245122', null);
COMMIT;


-- ----------------------------
--  Records of `images_base_copy`
-- ----------------------------
BEGIN;
INSERT INTO `images_base` VALUES ('10000', '2017-01-10 21:53:04', '2017-02-23 15:51:55', '1', '14878300273500103566', 'http://120.77.220.11/p_images', '/data/images/p_images', null);
COMMIT;

-- ----------------------------
--  Records of `video_base_copy`
-- ----------------------------
BEGIN;
INSERT INTO `video_base` VALUES ('10000', '2017-01-11 21:47:38', '2017-01-20 23:56:32', '1', '14840345528522311094', 'http://120.110.2.120/videos', '/data/videos', null);
COMMIT;


-- ----------------------------
--  Records of `template2_base_copy`
-- ----------------------------
BEGIN;
INSERT INTO `template2_base` VALUES ('10000', '2017-01-11 22:18:14', '2017-02-21 16:02:09', '1', '14876486542639647361', '/data/template_2', null);
COMMIT;



SET FOREIGN_KEY_CHECKS = 1;
